{"LogReg": {"accuracy": 0.8304921638713225, "roc_auc": 0.8125196771822634, "recall": 0.7914338919925512, "precision": 0.27490297542043984, "auroc_std": 0.003922040817531823, "model_memory": 48}, "EBM": {"accuracy": 0.9054852900742371, "roc_auc": 0.7921664567306537, "recall": 0.659217877094972, "precision": 0.41234711706464766, "auroc_std": 0.004216435859712521, "model_memory": 48}, "XGB": {"accuracy": 0.8998487764641188, "roc_auc": 0.8054043113310995, "recall": 0.6945996275605214, "precision": 0.39786666666666665, "auroc_std": 0.002725809058232127, "model_memory": 48}}