{"LogReg": {"accuracy": 0.8212818405916187, "roc_auc": 0.806742232363152, "recall": 0.7896678966789668, "precision": 0.26436071649166154, "auroc_std": 0.0052081335578837516, "model_memory": 48}, "EBM": {"accuracy": 0.9035195836757053, "roc_auc": 0.7934568713290684, "recall": 0.6642066420664207, "precision": 0.40793201133144474, "auroc_std": 0.004622483827482843, "model_memory": 48}, "XGB": {"accuracy": 0.8939331689947959, "roc_auc": 0.7997347103648551, "recall": 0.6891143911439115, "precision": 0.38131699846860645, "auroc_std": 0.004077683171149187, "model_memory": 48}}