{"results": {"LogReg": {"accuracy": 0.8138181320186251, "roc_auc": 0.8039839843664709, "recall": 0.7924354243542435, "precision": 0.25618848792126453, "auroc_std": 0.0060810339487946, "model_memory": 48}, "EBM": {"accuracy": 0.901122980005478, "roc_auc": 0.7917382202668181, "recall": 0.6632841328413284, "precision": 0.39988876529477196, "auroc_std": 0.004525990653153219, "model_memory": 48}, "XGB": {"accuracy": 0.8927006299643934, "roc_auc": 0.7952505786152536, "recall": 0.6808118081180812, "precision": 0.3767228177641654, "auroc_std": 0.003170694955664073, "model_memory": 48}}, "feature_importance": {"LogReg": 