{"LogReg": {"accuracy": 0.8273866923818708, "roc_auc": 0.807617805667236, "recall": 0.7844423617619494, "precision": 0.26887247028589784, "auroc_std": 0.005554901366375086, "model_memory": 48}, "EBM": {"accuracy": 0.9057721449235432, "roc_auc": 0.7826161630638667, "recall": 0.6382380506091846, "precision": 0.4095009019843656, "auroc_std": 0.004439016673590157, "model_memory": 48}, "XGB": {"accuracy": 0.8979887036781926, "roc_auc": 0.8012816068764848, "recall": 0.6879100281162137, "precision": 0.3900106269925611, "auroc_std": 0.002694579505347362, "model_memory": 48}}